word,count,country
climate change,4,EU2023
Paris Agreement,16,EU2023
COP,2,EU2023
Lima,1,EU2023
2015,1,EU2023
October 2016,1,EU2023
2030,18,EU2023
1990 levels,1,EU2023
economy-wide,2,EU2023
greenhouse gas emissions,1,EU2023
reduction,6,EU2023
European Council,1,EU2023
heads of state or government,1,EU2023
EU Member States,2,EU2023
2050,4,EU2023
climate-neutral EU,1,EU2023
Council of the European Union,2,EU2023
low greenhouse gas emission,2,EU2023
development strategy,1,EU2023
UNFCCC Secretariat,1,EU2023
Nationally Determined Contribution,7,EU2023
NDC,31,EU2023
submission,4,EU2023
update,2,EU2023
European Union,8,EU2023
Member States,26,EU2023
INTended,1,EU2023
ratified,1,EU2023
target,14,EU2023
ICTU,4,EU2023
overview,1,EU2023
procedural developments,1,EU2023
annex,1,EU2023
quantifiable,1,EU2023
qualitative,1,EU2023
information,2,EU2023
Clarity,1,EU2023
Transparency,2,EU2023
Understanding,2,EU2023
Update,3,EU2023
European,17,EU2023
Union,10,EU2023
Member,6,EU2023
States,7,EU2023
December,2,EU2023
2020,4,EU2023
Council,5,EU2023
ambitious,3,EU2023
EU,62,EU2023
climate,19,EU2023
greenhouse,3,EU2023
gas,8,EU2023
emissions,29,EU2023
1990,6,EU2023
UNFCCC,5,EU2023
Secretariat,3,EU2023
updated,1,EU2023
enhanced,1,EU2023
2021,3,EU2023
Regulation,22,EU2023
binding,1,EU2023
objective,2,EU2023
climate neutrality,4,EU2023
negative,1,EU2023
estab,1,EU2023
legal,1,EU2023
fram ework,1,EU2023
achieving,1,EU2023
climate law,2,EU2023
domestic,4,EU2023
net,4,EU2023
at least,2,EU2023
Fit for 55,10,EU2023
greenhouse gas,11,EU2023
emission,7,EU2023
legislation,3,EU2023
climate action,2,EU2023
Parliament,4,EU2023
adopted,1,EU2023
implement,1,EU2023
legislative framework,1,EU2023
adoption,3,EU2023
COP28,1,EU2023
Directive,8,EU2023
ETS,13,EU2023
LULUCF,5,EU2023
Revision,1,EU2023
Carbon,2,EU2023
Pricing,1,EU2023
Fuel,1,EU2023
Road,1,EU2023
Transport,1,EU2023
Buildings,2,EU2023
Additional,1,EU2023
Sectors,4,EU2023
2027,1,EU2023
Emissions,5,EU2023
Reductions,4,EU2023
Compared,1,EU2023
Covered,1,EU2023
Revised,1,EU2023
Effort,1,EU2023
Sharing,1,EU2023
Greenhouse,1,EU2023
Gas,1,EU2023
Domestic,3,EU2023
Aviation,2,EU2023
Agriculture,2,EU2023
Waste,2,EU2023
Small,1,EU2023
Industries,1,EU2023
Reduction,2,EU2023
Targets,2,EU2023
Net,1,EU2023
Removals,6,EU2023
CO,2,EU2023
Equivalent,1,EU2023
New,3,EU2023
Cars,3,EU2023
Vans,2,EU2023
Reduce,2,EU2023
Energy,2,EU2023
Efficiency,1,EU2023
Renewables,2,EU2023
Independent,1,EU2023
Russian,1,EU2023
Fossil,1,EU2023
Fuels,1,EU2023
Well,1,EU2023
Before,1,EU2023
Ambition,1,EU2023
Savings,1,EU2023
Final,1,EU2023
Consumption,1,EU2023
Percent,1,EU2023
Increase,1,EU2023
Renewable,1,EU2023
Mix,1,EU2023
Exceptionally,1,EU2023
High,1,EU2023
Prices,1,EU2023
Oil,1,EU2023
Months,1,EU2023
Foreseen,1,EU2023
Beginning,1,EU2023
ETS2,1,EU2023
GHG,5,EU2023
change,6,EU2023
carbon,4,EU2023
footprint,2,EU2023
budget,1,EU2023
recovery,1,EU2023
infrastructure,1,EU2023
recharging,1,EU2023
refueling,1,EU2023
ships,2,EU2023
transport,4,EU2023
sector,1,EU2023
deal,1,EU2023
zero,1,EU2023
low,1,EU2023
Paris,4,EU2023
Agreement,2,EU2023
finance,1,EU2023
sustainable,4,EU2023
framework,1,EU2023
neutral,2,EU2023
economy,3,EU2023
transition,1,EU2023
fair,3,EU2023
leave,1,EU2023
behind,2,EU2023
Social,1,EU2023
Climate,2,EU2023
Fund,1,EU2023
vulnerable,2,EU2023
households,2,EU2023
micro-enterprises,2,EU2023
users,1,EU2023
price,2,EU2023
impacts,1,EU2023
trading,2,EU2023
system,2,EU2023
buildings,2,EU2023
road,1,EU2023
fuels,2,EU2023
additional,1,EU2023
period,2,EU2023
2026-2032,1,EU2023
5,1,EU2023
revision,1,EU2023
strengthens,1,EU2023
Modernisation,2,EU2023
13,2,EU2023
lower-income,1,EU2023
2024,2,EU2023
investments,4,EU2023
energy,2,EU2023
systems,2,EU2023
efficiency,1,EU2023
renewable,2,EU2023
sources,1,EU2023
modernisation,2,EU2023
networks,1,EU2023
including,2,EU2023
pipelines,1,EU2023
grids,2,EU2023
district,1,EU2023
heating,1,EU2023
just,1,EU2023
regions,2,EU2023
beneficiary,1,EU2023
opted,1,EU2023
2.5%,1,EU2023
total,1,EU2023
allowances,4,EU2023
2021-30,1,EU2023
Innovation,1,EU2023
100%,1,EU2023
EUR,1,EU2023
38,1,EU2023
billion,2,EU2023
calculated,1,EU2023
75,1,EU2023
tCO2,1,EU2023
commercial,1,EU2023
demonstration,1,EU2023
industrial,1,EU2023
soluti,1,EU2023
decarbonise,1,EU2023
Europe,1,EU2023
neutrality,1,EU2023
REGULATION,2,EU2023
PARLIAMENT,1,EU2023
COUNCIL,1,EU2023
establishing,1,EU2023
border,1,EU2023
adjustment,1,EU2023
mechanism,1,EU2023
CBAM,1,EU2023
carbon content,1,EU2023
imports,2,EU2023
product,1,EU2023
carbon leakage,1,EU2023
third countries,1,EU2023
same,1,EU2023
carbon price,1,EU2023
non-discriminatory,1,EU2023
international trade rules,1,EU2023
application,1,EU2023
cooperation,1,EU2023
human rights,1,EU2023
gender-responsive,2,EU2023
social justice,1,EU2023
fairness,1,EU2023
inclusiveness,1,EU2023
global transition,1,EU2023
participation,2,EU2023
engagement,2,EU2023
women,3,EU2023
climate-related,1,EU2023
decision-making,2,EU2023
obligations,2,EU2023
address,1,EU2023
registry,1,EU2023
international credits,2,EU2023
line,1,EU2023
17 December,1,EU2023
III,1,EU2023
INFORMATION,1,EU2023
NECESSARY,1,EU2023
FOR,2,EU2023
CLARITY,1,EU2023
TRANSPARENCY,1,EU2023
UNDERSTANDING,1,EU2023
of,4,EU2023
the,7,EU2023
CMA1,2,EU2023
Parties,4,EU2023
agreed,1,EU2023
guidance,1,EU2023
on,1,EU2023
applicable,1,EU2023
their,1,EU2023
2018,2,EU2023
Katowice,1,EU2023
first,1,EU2023
session,1,EU2023
this,1,EU2023
Part,1,EU2023
updates,1,EU2023
date,1,EU2023
Climate Change,1,EU2023
Change,1,EU2023
2021-2030,1,EU2023
Reference point,1,EU2023
Base year,1,EU2023
Reference year,1,EU2023
Reference period,1,EU2023
Starting point,1,EU2023
Quantifiable information,1,EU2023
Article 4,2,EU2023
Percentage,1,EU2023
Amount of reduction,1,EU2023
Economy-wide,1,EU2023
Net domestic,1,EU2023
Greenhouse gas emissions,1,EU2023
Data,1,EU2023
National Inventory Report,2,EU2023
Methodological improvements,2,EU2023
Time frames,1,EU2023
Periods,1,EU2023
Implementation,2,EU2023
CMA,2,EU2023
Single-year,1,EU2023
Multi-year,1,EU2023
International credits,1,EU2023
Belgium,2,EU2023
Bulgaria,2,EU2023
Czechia,2,EU2023
Denmark,2,EU2023
Germany,3,EU2023
Estonia,2,EU2023
Ireland,2,EU2023
Greece,2,EU2023
Spain,2,EU2023
France,4,EU2023
Croatia,2,EU2023
Italy,3,EU2023
Cyprus,2,EU2023
Latvia,2,EU2023
Lithuania,2,EU2023
Luxembourg,2,EU2023
Hungary,2,EU2023
Malta,2,EU2023
Netherlands,2,EU2023
Austria,2,EU2023
Poland,2,EU2023
Portugal,3,EU2023
Romania,2,EU2023
Slovenia,2,EU2023
Slovakia,2,EU2023
Finland,2,EU2023
Sweden,2,EU2023
ESR Regulation,1,EU2023
LULUCF Regulation,2,EU2023
amending,1,EU2023
outermost regions,1,EU2023
Guadeloupe,1,EU2023
French Guiana,1,EU2023
Martinique,1,EU2023
Mayotte,1,EU2023
Reunion,1,EU2023
Saint Martin,1,EU2023
Canary Islands,1,EU2023
Azores,1,EU2023
Madeira,1,EU2023
Maritime,1,EU2023
Industrial processes and product use,1,EU2023
"Land Use, Land Use Change and Forestry (LULUCF)",1,EU2023
Gases,7,EU2023
Carbon Dioxide (CO 2),1,EU2023
Methane (CH 4),1,EU2023
Nitrous Oxide (N2O),1,EU2023
Hydrofluorocarbons (HFCs),1,EU2023
Perfluorocarbons (PFCs),1,EU2023
Sulphur hexafluoride ((SF6),1,EU2023
Nitrogen trifluoride (NF 3),1,EU2023
Mitigation,1,EU2023
co-benefits,3,EU2023
adaptation,2,EU2023
Parties’,1,EU2023
actions,2,EU2023
economic,1,EU2023
diversification,1,EU2023
projects,1,EU2023
measures,3,EU2023
ini tiatives,1,EU2023
Planning,1,EU2023
processes,1,EU2023
(a),1,EU2023
(i),1,EU2023
Information,1,EU2023
prepared,1,EU2023
nationally,1,EU2023
determined,1,EU2023
contribution,2,EU2023
institutional,1,EU2023
arrangements,1,EU2023
public,5,EU2023
local,1,EU2023
communities,1,EU2023
indigenous,1,EU2023
peoples,2,EU2023
impact,1,EU2023
assessment,1,EU2023
stakeholder,1,EU2023
input,1,EU2023
collected,1,EU2023
consultation,3,EU2023
context,1,EU2023
commitment,3,EU2023
social,1,EU2023
environmental,1,EU2023
dimensions,2,EU2023
development,3,EU2023
synergies,1,EU2023
strategies,1,EU2023
EU Energy,1,EU2023
Governance,2,EU2023
Pact,1,EU2023
Gender,1,EU2023
Equality,2,EU2023
United,1,EU2023
Nations,1,EU2023
Declaration,1,EU2023
Rights,1,EU2023
Indigenous,1,EU2023
Peoples,1,EU2023
gender-balanced,1,EU2023
leadership,1,EU2023
girls,1,EU2023
youth,1,EU2023
children,1,EU2023
awareness,1,EU2023
UN,1,EU2023
Human,1,EU2023
geography,1,EU2023
poverty,1,EU2023
eradication,1,EU2023
right,2,EU2023
clean,1,EU2023
healthy,1,EU2023
sustainable environment,1,EU2023
active,1,EU2023
discussions,1,EU2023
human,1,EU2023
environmental human rights defenders,1,EU2023
threats,1,EU2023
attacks,1,EU2023
European Parliament,1,EU2023
Energy Union,1,EU2023
Climate Action,1,EU2023
European Climate Law,4,EU2023
integrated,1,EU2023
planning,1,EU2023
reporting,1,EU2023
monitoring,1,EU2023
climate and energy targets,1,EU2023
policies,2,EU2023
projections,1,EU2023
inventories,1,EU2023
multi-level,1,EU2023
public participation,1,EU2023
integrated national energy and climate plans,1,EU2023
policy targets,1,EU2023
EU ETS,6,EU2023
EU Sustainable Finance Framework,1,EU2023
financial market policy,1,EU2023
climate resilient development pathway,1,EU2023
Article,6,EU2023
EU Emissions Trading System,1,EU2023
reductions,2,EU2023
2005,5,EU2023
percentage,1,EU2023
CO2,8,EU2023
removals,2,EU2023
2026,3,EU2023
2029,1,EU2023
CO2eq,33213,EU2023
kt,34,EU2023
Kt,38,EU2023
nationally determined contribution,5,EU2023
global stocktake,1,EU2023
Union-wide,1,EU2023
2040,1,EU2023
legislativ e,1,EU2023
impact assessment,1,EU2023
mitigation,2,EU2023
economic diversification,1,EU2023
response measures,1,EU2023
economic and social consequences,1,EU2023
developing,1,EU2023
specific projects,1,EU2023
activities,1,EU2023
key sectors,1,EU2023
resources,1,EU2023
water resources,1,EU2023
coastal resources,1,EU2023
human settlements,1,EU2023
urban planning,1,EU2023
agriculture,1,EU2023
forestry,1,EU2023
manufacturing,1,EU2023
industry,1,EU2023
communication,1,EU2023
construction,1,EU2023
tourism,1,EU2023
real estate,1,EU2023
agriculture and fisheries,1,EU2023
Not applicable.,2,EU2023
assumptions,2,EU2023
methodological approaches,2,EU2023
estimating,1,EU2023
accounting,3,EU2023
anthropogenic,1,EU2023
IPCC,9,EU2023
EU NDC,1,EU2023
absolute,1,EU2023
decision 1/CP.21,1,EU2023
decision 4/CMA.1,1,EU2023
Annex II,1,EU2023
Anthropogenic,2,EU2023
Greenhouse Gas,1,EU2023
Methodologies,2,EU2023
Metrics,1,EU2023
Global Warming Potential,1,EU2023
TACCC,1,EU2023
2025,2,EU2023
Forest,2,EU2023
Land,3,EU2023
Harvested Wood Products,1,EU2023
Age-class Structure,1,EU2023
net reduction,1,EU2023
domestic measures,1,EU2023
emissions trading systems,2,EU2023
linking,1,EU2023
fossil fuel-dependent,1,EU2023
industrialized economies,1,EU2023
2030 target,1,EU2023
diverse national circumstances,1,EU2023
island Member States,1,EU2023
islands,2,EU2023
emission reduction potential,1,EU2023
excluding,1,EU2023
international aviation,1,EU2023
tonnes,2,EU2023
eq.,2,EU2023
decreased,1,EU2023
"34,3%",1,EU2023
3708,1,EU2023
million,2,EU2023
tonnes CO2 eq.,1,EU2023
domestic product,1,EU2023
GDP,2,EU2023
increase,1,EU2023
about,1,EU2023
34%,1,EU2023
transi tion,1,EU2023
climate-neutral,1,EU2023
fair way,1,EU2023
leaving,1,EU2023
Social Climate Fund,1,EU2023
transport users,1,EU2023
price impacts,1,EU2023
new emissions trading system,1,EU2023
road transport,1,EU2023
additional sectors,1,EU2023
revenue,1,EU2023
Modernisation Fund,1,EU2023
renewable sources,1,EU2023
energy networks,1,EU2023
pipeli nes,1,EU2023
district heating,1,EU2023
just transition,1,EU2023
carbon dependent,1,EU2023
6th Assessment Report,1,EU2023
global greenhouse gas emissions,1,EU2023
fall,1,EU2023
2019,1,EU2023
1.5°C,1,EU2023
limiting,1,EU2023
warming,1,EU2023
at least -55%,1,EU2023
substantial,1,EU2023
base year,1,EU2023
Special Report,1,EU2023
Convention,2,EU2023
Article 2,2,EU2023
Objective,2,EU2023
long-term goal,1,EU2023
Greenhouse Gases,1,US2021
Climate Change,2,US2021
Nationally Determined Contribution,4,US2021
United States,10,US2021
America,1,US2021
Reducing,2,US2021
Emissions,15,US2021
Target,4,US2021
2030,7,US2021
The,1,US2021
United,2,US2021
States,2,US2021
Nationally,1,US2021
Determined,1,US2021
Contribution,1,US2021
Greenhouse,4,US2021
Gases,3,US2021
in,1,US2021
the,1,US2021
:,1,US2021
A,1,US2021
_,1,US2021
INTRODUCTION,1,US2021
This,1,US2021
submission,3,US2021
communicates,1,US2021
States',1,US2021
nationally,3,US2021
determined,3,US2021
contribution,3,US2021
line,1,US2021
with,1,US2021
Article,1,US2021
4,1,US2021
of,1,US2021
Paris,1,US2021
Agreement,1,US2021
.,1,US2021
establishes,1,US2021
a,1,US2021
goal,1,US2021
holding,2,US2021
increase,2,US2021
global,2,US2021
average,3,US2021
temperature,4,US2021
to,2,US2021
well,2,US2021
below,2,US2021
2o,1,US2021
C,1,US2021
above,1,US2021
pre-industrial,2,US2021
levels,3,US2021
and,1,US2021
pursuing,2,US2021
efforts,1,US2021
limit,1,US2021
1.5o,1,US2021
Climate,12,US2021
change,6,US2021
is,1,US2021
an,1,US2021
existential,1,US2021
threat,1,US2021
demands,1,US2021
bold,1,US2021
action,1,US2021
Solutions,1,US2021
exist,1,US2021
today,2,US2021
reduce,1,US2021
emissions,42,US2021
rapidly,1,US2021
while,1,US2021
supporting,1,US2021
economic,1,US2021
growth,1,US2021
improving,2,US2021
quality,1,US2021
life,1,US2021
Addressing,1,US2021
climate,3,US2021
crisis,1,US2021
requires,1,US2021
scaling,1,US2021
many,1,US2021
solutions,1,US2021
we,1,US2021
already,1,US2021
have,1,US2021
investing,1,US2021
innovation,4,US2021
improve,1,US2021
broaden,1,US2021
set,1,US2021
enabling,1,US2021
multiple,1,US2021
pathways,1,US2021
reach,1,US2021
net,8,US2021
zero,1,US2021
After,1,US2021
careful,1,US2021
process,1,US2021
involving,1,US2021
analysis,1,US2021
consultation,1,US2021
across,1,US2021
federal,1,US2021
government,2,US2021
leaders,1,US2021
state,1,US2021
local,1,US2021
tribal,1,US2021
governments,1,US2021
setting,1,US2021
economy-wide,5,US2021
target,5,US2021
reducing,2,US2021
its,1,US2021
greenhouse,3,US2021
gas,4,US2021
by,2,US2021
50-52,2,US2021
percent,3,US2021
2005,11,US2021
National,8,US2021
Advisor,2,US2021
developed,1,US2021
this,1,US2021
NDC,27,US2021
Special,1,US2021
Presidential,1,US2021
Envoy,1,US2021
for,2,US2021
it,1,US2021
was,2,US2021
approved,1,US2021
President,1,US2021
Joseph,1,US2021
R.,1,US2021
Biden,1,US2021
Jr.,1,US2021
Historic,1,US2021
Projected,1,US2021
Under,1,US2021
climate change,35,US2021
carbon,22,US2021
zero-carbon,3,US2021
greenhouse gas,17,US2021
low carbon,3,US2021
low-carbon,2,US2021
ambition,4,US2021
investment,2,US2021
technology,4,US2021
job,3,US2021
jobs,2,US2021
work,2,US2021
ocean-based,1,US2021
offshore,1,US2021
shipping,1,US2021
ports,1,US2021
terrestrial,1,US2021
marine,1,US2021
resilience,2,US2021
equitable,1,US2021
resilient,1,US2021
zero carbon,1,US2021
Change,5,US2021
White,1,US2021
House,1,US2021
Office,5,US2021
Domestic,1,US2021
Policy,5,US2021
Consultation,1,US2021
Departments,1,US2021
Agencies,1,US2021
Federal,3,US2021
Government,2,US2021
Analysis,3,US2021
Sector,2,US2021
Economy,1,US2021
CO2,9,US2021
Non-CO2,2,US2021
Electricity,2,US2021
Transportation,6,US2021
Buildings,3,US2021
Industry,3,US2021
Land,1,US2021
Technology,2,US2021
Availability,1,US2021
Costs,1,US2021
Savings,1,US2021
Reductions,1,US2021
Infrastructure,2,US2021
Standards,1,US2021
Incentives,1,US2021
Programs,1,US2021
Innovation,1,US2021
Advocates,1,US2021
Activists,1,US2021
Environmental,1,US2021
Justice,1,US2021
Leaders,1,US2021
Unions,2,US2021
Americans,1,US2021
Country,1,US2021
Running,1,US2021
Scientists,3,US2021
Governmental,1,US2021
Governors,2,US2021
Mayors,2,US2021
Tribal,1,US2021
Businesses,3,US2021
Schools,2,US2021
Institutions,1,US2021
Higher,1,US2021
Researchers,1,US2021
Pollution,1,US2021
Reduction,2,US2021
Pathways,1,US2021
Equity,2,US2021
Jobs,1,US2021
Energy,1,US2021
Decarbonize,1,US2021
Waste,1,US2021
Carbon,3,US2021
Pollution-free,1,US2021
Electrifying,1,US2021
Efficiency,1,US2021
Carbon-free,1,US2021
Hydrogen,1,US2021
Actions,2,US2021
Example,1,US2021
Goal,1,US2021
Percent,1,US2021
Multiple,1,US2021
Decade,1,US2021
Air,1,US2021
Water,1,US2021
Public,1,US2021
Health,1,US2021
Good,2,US2021
Building,1,US2021
Modern,1,US2021
Investment,1,US2021
Deployment,1,US2021
Power,1,US2021
Plants,1,US2021
Retrofitted,1,US2021
Capture,1,US2021
Existing,2,US2021
Nuclear,1,US2021
Worker,1,US2021
Research,1,US2021
Development,1,US2021
Demonstration,1,US2021
Commercialization,1,US2021
Software,1,US2021
Hardware,1,US2021
Resilient,1,US2021
Reliable,1,US2021
Affordable,1,US2021
light-duty,1,US2021
vehicles,4,US2021
SUVs,1,US2021
pickup trucks,1,US2021
cars,1,US2021
heavy trucks,1,US2021
aircraft,1,US2021
rail,1,US2021
ships,1,US2021
fossil fuels,3,US2021
petroleum,1,US2021
access,1,US2021
services,1,US2021
economic opportunities,1,US2021
inequities,1,US2021
opportunities,2,US2021
households,1,US2021
environmental quality,1,US2021
health,1,US2021
communities,2,US2021
tailpipe,1,US2021
efficiency,2,US2021
standards,3,US2021
zero emission,1,US2021
charging infrastructure,1,US2021
mult-unit dwellings,1,US2021
public charging,1,US2021
long-distance travel,1,US2021
renewable fuels,1,US2021
aviation,1,US2021
technologies,2,US2021
transit,1,US2021
biking,1,US2021
pedestrian,1,US2021
vehicle miles traveled,1,US2021
emissions pathways,2,US2021
domestic,3,US2021
international maritime,1,US2021
aviation energy use,1,US2021
IMO,1,US2021
ICAO,1,US2021
electricity,2,US2021
fossil fuels burned,1,US2021
heating,2,US2021
air,1,US2021
water,1,US2021
cooking,1,US2021
energy efficiency,1,US2021
efficient electric heating,1,US2021
retrofit programs,1,US2021
heat pumps,1,US2021
induction stoves,1,US2021
modern energy codes,1,US2021
new technologies,1,US2021
construction,2,US2021
high-performance electrified buildings,1,US2021
heavy industry,1,US2021
energy use,2,US2021
on-site fuel burning,1,US2021
industrial processes,2,US2021
research,1,US2021
development,1,US2021
demonstration,1,US2021
commercialization,1,US2021
deployment,1,US2021
very low-carbon,1,US2021
industrial processes and products,1,US2021
carbon capture,1,US2021
hydrogen,1,US2021
renewable energy,1,US2021
nuclear energy,1,US2021
waste,1,US2021
power,4,US2021
procurement power,1,US2021
early markets,1,US2021
forests,2,US2021
agriculture,4,US2021
sinks,1,US2021
programs,1,US2021
measures,2,US2021
ecosystems,1,US2021
rivers,1,US2021
coasts,1,US2021
actions,2,US2021
America’s,1,US2021
lands,2,US2021
sequester,1,US2021
carbon dioxide,1,US2021
support,2,US2021
reforestation,1,US2021
rotational grazing,1,US2021
nutrient management practices,1,US2021
invest,2,US2021
forest protection,1,US2021
forest management,1,US2021
wildfires,1,US2021
fire-damaged,1,US2021
nature-based,1,US2021
coastal resilience,1,US2021
pre-disaster,1,US2021
sequestration,5,US2021
waterways,1,US2021
oceans,1,US2021
blue carbon,1,US2021
non-CO2,2,US2021
greenhouse gases,1,US2021
methane,5,US2021
hydrofluorocarbons,2,US2021
other,1,US2021
potent,1,US2021
short-lived,1,US2021
climate pollutants,1,US2021
AIM,1,US2021
Act,1,US2021
leaks,1,US2021
infrastructure,1,US2021
agricultural,1,US2021
productivity,1,US2021
practices,1,US2021
manure,3,US2021
manage,1,US2021
cropland,1,US2021
nutrient,1,US2021
offer,1,US2021
incentives,1,US2021
NATIONALLY,1,US2021
DETERMINED,1,US2021
CONTRIBUTION,1,US2021
UNITED,1,US2021
STATES,1,US2021
AMERICA,1,US2021
achieve,1,US2021
Paris Agreement,13,US2021
Reference Point,1,US2021
Base Year,1,US2021
Reference Year,1,US2021
Reference Period,1,US2021
Starting Point,1,US2021
Net Emissions,2,US2021
Quantifiable Information,1,US2021
Target Year,1,US2021
CO2e,3,US2021
Submission,1,US2021
Inventory,12,US2021
Annual Basis,1,US2021
Adjusted,1,US2021
Future,1,US2021
Strategies,1,US2021
Plans,1,US2021
Article 4,8,US2021
Paragraph 6,2,US2021
Policies,3,US2021
Measures,4,US2021
Relative,1,US2021
Net Emissions Levels,1,US2021
reduction,2,US2021
percentage,1,US2021
amount,1,US2021
information,3,US2021
sources,4,US2021
data,5,US2021
removals,6,US2021
Annex,3,US2021
IPCC,12,US2021
good practice guidance,1,US2021
time frames,1,US2021
period,1,US2021
implementation,2,US2021
start,1,US2021
end,1,US2021
single-year,1,US2021
multi-year,1,US2021
scope,1,US2021
coverage,1,US2021
ghg,1,US2021
Guidelines,5,US2021
Sectors,2,US2021
Categories,3,US2021
Pools,2,US2021
Anthropogenic,3,US2021
Removals,2,US2021
Paragraph,1,US2021
Decision,1,US2021
CP.21,1,US2021
Economy-wide,1,US2021
All,10,US2021
Specifically,1,US2021
Defined,1,US2021
IPCC 2006,5,US2021
Volumes,1,US2021
Mitigation,1,US2021
Co-benefits,1,US2021
Adaptation,2,US2021
Economic Diversification,2,US2021
Projects,1,US2021
Initiatives,1,US2021
Planning,1,US2021
Processes,1,US2021
Prepared,1,US2021
Party,6,US2021
Implementation,1,US2021
Domestic Institutional Arrangements,1,US2021
Public Participation,1,US2021
Local Communities,1,US2021
Indigenous Peoples,1,US2021
Gender-responsive,1,US2021
Executive Order,1,US2021
January,1,US2021
27,1,US2021
Dated,1,US2021
Task Force,2,US2021
Conducted,1,US2021
Whole-of-government,1,US2021
Process,2,US2021
Develop,1,US2021
Nationally determined contribution,3,US2021
Bottom-up,1,US2021
Potential,1,US2021
Capital stock turnover,1,US2021
Technology trends,1,US2021
Needs,1,US2021
Subnational,1,US2021
Greenhouse gas emissions,3,US2021
Energy sector,1,US2021
Land sector CO2,1,US2021
Forests,1,US2021
Soil carbon,1,US2021
Opportunities,3,US2021
Ocean-based solutions,1,US2021
Hydrofluorocarbons,1,US2021
Methane,1,US2021
N2O,5,US2021
Black carbon emissions,2,US2021
Explore,1,US2021
Advance,1,US2021
Interagency process,1,US2021
Federal government,1,US2021
Stakeholders,1,US2021
Youth,1,US2021
Governmental leaders,1,US2021
Tribal leaders,1,US2021
Institutions of higher education,1,US2021
Specialized researchers,1,US2021
Pollution reduction,1,US2021
Secretary,14,US2021
Administrator,3,US2021
Chair,2,US2021
Emission reductions,2,US2021
Black carbon,2,US2021
Ocean-based,1,US2021
energy,10,US2021
environment,1,US2021
climactic,1,US2021
biogeophysical,1,US2021
mitigate,1,US2021
greenhouse-gas,2,US2021
renewable,2,US2021
clean energy,1,US2021
electrification,1,US2021
carbon-free,2,US2021
adaptation,2,US2021
generation,4,US2021
total,3,US2021
2020,1,US2021
approximately,1,US2021
From,1,US2021
2019,3,US2021
Total,1,US2021
annual,1,US2021
rate,1,US2021
e.g.,1,US2021
appliances,1,US2021
market,1,US2021
technological,1,US2021
trends,1,US2021
2016,1,US2021
transportation,2,US2021
sector,1,US2021
leading,1,US2021
source,1,US2021
first,1,US2021
time,1,US2021
since,1,US2021
late,1,US2021
1970s,1,US2021
represented,1,US2021
29,1,US2021
grown,1,US2021
significantly,2,US2021
1990,1,US2021
increased,1,US2021
demand,1,US2021
travel,1,US2021
intensity,2,US2021
declined,1,US2021
substantially,2,US2021
industrial,2,US2021
excluding,1,US2021
used,3,US2021
industry,2,US2021
but,1,US2021
generated,1,US2021
offsite,1,US2021
23,1,US2021
Agriculture,1,US2021
farmers,1,US2021
ranchers,1,US2021
produce,1,US2021
food,1,US2021
fiber,1,US2021
crops,2,US2021
feed,1,US2021
grains,1,US2021
oil,1,US2021
seeds,1,US2021
fruits,1,US2021
vegetables,1,US2021
commodities,1,US2021
consumption,1,US2021
export,1,US2021
area,1,US2021
harvest,2,US2021
same,1,US2021
as,2,US2021
harvested,1,US2021
1910,1,US2021
feeds,1,US2021
population,1,US2021
three,1,US2021
times,1,US2021
larger,1,US2021
still,1,US2021
exports,1,US2021
come,1,US2021
from,1,US2021
number,1,US2021
including,1,US2021
soil,1,US2021
fertilizer,3,US2021
use,1,US2021
nitrous oxide,2,US2021
fermentation,2,US2021
forest,5,US2021
land use,2,US2021
land use change,1,US2021
1.5 degrees Celsius,1,US2021
net zero global emissions,1,US2021
2050,2,US2021
National Climate Task Force,1,US2021
White House Office of Domestic Climate Policy,1,US2021
system dynamics model,1,US2021
nationally determined contribution,4,US2021
adaptation action,1,US2021
economic diversification plans,1,US2021
mitigation co-benefits,2,US2021
response measures,1,US2021
nationally determined contribution under Article 4,1,US2021
global stocktake,1,US2021
outcomes of the global stocktake,1,US2021
Paris Agreement paragraph 9,1,US2021
Article 4 paragraph 7,1,US2021
Article 4 paragraph 9,1,US2021
specific projects,1,US2021
activities,1,US2021
mitigation,1,US2021
co-benefits,1,US2021
resources,1,US2021
water resources,1,US2021
coastal resources,1,US2021
human settlements,1,US2021
urban planning,1,US2021
forestry,1,US2021
economic diversification,1,US2021
manufacturing,1,US2021
mining,1,US2021
transport,1,US2021
communication,1,US2021
tourism,1,US2021
real estate,1,US2021
fisheries,1,US2021
assumptions,4,US2021
methodological approaches,1,US2021
anthropogenic greenhouse gas emissions,1,US2021
Party’s nationally determined contribution,1,US2021
net-net accounting approach,1,US2021
emissions reductions,1,US2021
base year,2,US2021
internationally transferred mitigation outcomes,1,US2021
IPCC good practice guidance,1,US2021
Section II,1,US2021
CMA,2,US2021
definitions,2,US2021
data sources,1,US2021
Gas,2,US2021
Net,2,US2021
anthropogenic,1,US2021
IPCC 2006 guidelines,3,US2021
100 year global warming potential,1,US2021
sector-,2,US2021
category-,2,US2021
activity-specific,2,US2021
methodologies,3,US2021
approaches,3,US2021
managed lands,2,US2021
natural disturbances,4,US2021
accounting,2,US2021
target year,1,US2021
best practices,1,US2021
Parties,1,US2021
UNFCCC,1,US2021
Kyoto Protocol,1,US2021
salvage logging,1,US2021
Reflecting,1,US2021
Harvested,1,US2021
Wood,1,US2021
Products,1,US2021
Approach,3,US2021
2006,1,US2021
e(ii),1,US2021
e(iii),1,US2021
n/a,2,US2021
f,1,US2021
Other,1,US2021
methodological,1,US2021
understanding,1,US2021
if,1,US2021
applicable,1,US2021
estimating,1,US2021
corresponding,1,US2021
f(i),1,US2021
reference,1,US2021
indicators,1,US2021
baseline(s),1,US2021
baseline,1,US2021
reference level(s),1,US2021
level(s),1,US2021
key,1,US2021
parameters,1,US2021
models,2,US2021
climate forcers,1,US2021
nationally determined contributions,3,US2021
IPCC guidelines,1,US2021
Fairness,2,US2021
Contribute,1,US2021
Ambitious,1,US2021
Achieve,2,US2021
Net-zero emissions,1,US2021
1.5 degree Celsius,1,US2021
Global average temperature increase,1,US2021
Paragraph 3,1,US2021
Paragraph 4,1,US2021
Objective,2,US2021
Convention,1,US2021
Stabilizing,1,US2021
Greenhouse gas concentrations,1,US2021
Anthropogenic interference,1,US2021
Climate system,1,US2021
Time frame,1,US2021
Ecosystems,1,US2021
Adapt,1,US2021
Food production,1,US2021
Sustainable,1,US2021
degrees,2,US2021
celsius,2,US2021
paris,1,US2021
agreement,2,US2021
2,2,US2021
1.5,1,US2021
pursuits,1,US2021
risks,1,US2021
impacts,1,US2021
articles,2,US2021
contributes,1,US2021
towards,1,US2021
national,1,US2021
united,1,US2021
states,2,US2021
path,1,US2021
net-zero,1,US2021
later,1,US2021
aim,1,US2021
outlined,1,US2021
peaking,1,US2021
possible,1,US2021
rapid,1,US2021
reductions,1,US2021
thereafter,1,US2021
science,1,US2021
second,1,US2021
half,1,US2021
century,1,US2021
GREENHOUSE,2,US2024
GASES,1,US2024
AMERICA,2,US2024
UNITED,2,US2024
STATES,2,US2024
NATIONALLY,2,US2024
CONTRIBUTION,2,US2024
REDUCING,1,US2024
EMITTIONS,1,US2024
TARGET,1,US2024
2035,20,US2024
climate change,30,US2024
increase,3,US2024
global average temperature,1,US2024
2oC,1,US2024
pre-industrial levels,1,US2024
Paris Agreement,13,US2024
hold,1,US2024
well below,1,US2024
1.5oC,1,US2024
above pre -industrial levels,1,US2024
Article 4,5,US2024
Parties,2,US2024
existential threat,1,US2024
bold global mitigation action,1,US2024
major emitters,1,US2024
technology,5,US2024
reduce net emissions,1,US2024
rapidly,1,US2024
economic opportunity,1,US2024
growth,4,US2024
improving quality of life,1,US2024
environmental justice,3,US2024
Addressing the climate crisis,1,US2024
tackling,1,US2024
all emitting sectors,1,US2024
all greenhouse gases,2,US2024
scaling up,1,US2024
investing in innovation,1,US2024
net zero emissions,2,US2024
2050,8,US2024
federal government,1,US2024
leaders in subnational and Tribal governments,1,US2024
civil society,3,US2024
private sector,3,US2024
net greenhouse gas emissions,1,US2024
61-66 percent,1,US2024
below 2005 levels,1,US2024
entire 2035 range,1,US2024
straight line or steeper trajectory,1,US2024
all greenhouse gases.,1,US2024
actions of subnational and Tribal governments,1,US2024
cooperation and communication,1,US2024
public and private sector,1,US2024
sharing of best practices,1,US2024
implementation alignment,1,US2024
local conditions,1,US2024
Broad participation,1,US2024
"development, implementation, and evaluation",1,US2024
NDC sub -targets,1,US2024
individual gases,1,US2024
anticipates,1,US2024
as part of achieving its 2035 NDC emissions target,1,US2024
methane reductions,1,US2024
at least 35 percent,1,US2024
from 2005 levels,1,US2024
Cutting methane emissions,1,US2024
near -term warming,1,US2024
essential complement to carbon dioxide,1,US2024
CO 2 mitigation,1,US2024
first global stocktake decision,1,US2024
adopted by the 5th Conference,1,US2024
Parties to the Paris Agreement,1,US2024
call for all Parties,1,US2024
contribute to the global efforts,1,US2024
accelerate the global phasedown,1,US2024
unabated coal power,1,US2024
global transition away from fossil fuels,1,US2024
energy systems,1,US2024
"just, orderly, and equitable manner",1,US2024
whole -of-government process,1,US2024
led,2,US2024
climate,13,US2024
change,21,US2024
National,4,US2024
Climate Advisor,3,US2024
White House,3,US2024
Climate Policy,3,US2024
Senior,1,US2024
International,1,US2024
State Department’s,1,US2024
Special Presidential Envoy,1,US2024
Climate,3,US2024
United,13,US2024
States,17,US2024
Historic,1,US2024
Emissions,16,US2024
Under,2,US2024
Target,2,US2024
Context,1,US2024
Since,1,US2024
communication,2,US2024
2030,3,US2024
NDC,36,US2024
April,2,US2024
2021,2,US2024
broad,1,US2024
comprehensive,1,US2024
opportunit,1,US2024
reduces,4,US2024
emissions,64,US2024
spur,1,US2024
economic,3,US2024
every,1,US2024
sector,10,US2024
region,1,US2024
hundreds,1,US2024
policies,5,US2024
measures,5,US2024
federal,21,US2024
state,6,US2024
territorial,3,US2024
Tribal,5,US2024
local,3,US2024
governments,5,US2024
strategy,3,US2024
Bipartisan,1,US2024
Infrastructure Law,1,US2024
BIL,12,US2024
Inflation Reduction Act,2,US2024
IRA,24,US2024
catalytic,1,US2024
investment,3,US2024
landmark,1,US2024
public,4,US2024
private,8,US2024
grow,1,US2024
clean,18,US2024
energy,23,US2024
economy,9,US2024
workers,1,US2024
consumers,1,US2024
Implementation,1,US2024
domestic,3,US2024
manufacturing,10,US2024
progress,3,US2024
accelerate,2,US2024
drives,1,US2024
range,2,US2024
deployment,6,US2024
reductions,13,US2024
net,9,US2024
below,3,US2024
2005,7,US2024
levels,2,US2024
met,1,US2024
surpassed,1,US2024
target,7,US2024
position,1,US2024
achieve,2,US2024
50,1,US2024
52,1,US2024
percent,10,US2024
current,1,US2024
projected,1,US2024
up,1,US2024
57,1,US2024
from,5,US2024
by,2,US2024
MILLION,1,US2024
METRIC,1,US2024
TONS,1,US2024
CO2EQUIVALENT,1,US2024
U.S.,8,US2024
NET,1,US2024
GAS,1,US2024
EMISSIONS,1,US2024
Low,1,US2024
High,1,US2024
50-52%,1,US2024
61-66%,1,US2024
greenhouse gas,18,US2024
reducing,2,US2024
increases,1,US2024
ambition,1,US2024
paths,1,US2024
investments,11,US2024
advancements,1,US2024
engagement,1,US2024
decade,1,US2024
subnational,7,US2024
legislation,2,US2024
consumer,2,US2024
jobs,7,US2024
innovation,4,US2024
public health,1,US2024
Communities,2,US2024
United States,17,US2024
underinvestment,2,US2024
pollution,5,US2024
economic changes,1,US2024
energy production,1,US2024
climate action,2,US2024
results,1,US2024
zero -carbon,1,US2024
non -CO 2,2,US2024
greenhouse gas mitigation,1,US2024
health,3,US2024
families,1,US2024
communities,7,US2024
Local,1,US2024
air pollution,1,US2024
clean energy,11,US2024
training,1,US2024
workforce,2,US2024
apprentices,1,US2024
climate -ready,1,US2024
labor union,1,US2024
high quality jobs,1,US2024
climate -focused,1,US2024
workforce development,1,US2024
education,2,US2024
age levels,1,US2024
transitioning,2,US2024
clean energy economy,2,US2024
compete,1,US2024
allies,1,US2024
partners,1,US2024
fighting,1,US2024
mitigation,9,US2024
women,2,US2024
girls,2,US2024
advancing,1,US2024
development,5,US2024
Climate Change,3,US2024
Consultation,1,US2024
Departments,1,US2024
Agencies,1,US2024
Federal Government,1,US2024
Detailed Analysis,1,US2024
2035 Target,1,US2024
Sector,6,US2024
Economy,2,US2024
CO2,1,US2024
Non-CO2,1,US2024
Greenhouse Gases,1,US2024
Electricity,4,US2024
Transportation,2,US2024
Buildings,1,US2024
Industry,1,US2024
Agriculture,3,US2024
Forestry,3,US2024
Land Sector,1,US2024
Technology,3,US2024
Availability,1,US2024
Costs,1,US2024
Savings,1,US2024
Future Cost Reduction,1,US2024
Enabling Infrastructure,1,US2024
Standards,1,US2024
Incentives,1,US2024
Innovation,3,US2024
Federal Interagency,1,US2024
Stakeholders,1,US2024
Private Sector,2,US2024
Labor Movement,1,US2024
Environmental Justice Organizations,1,US2024
Youth Organizations,1,US2024
Subnational Governments,1,US2024
Emissions Reduction Pathways,1,US2024
Policy,4,US2024
Pollution,2,US2024
Environmental Justice,1,US2024
Jobs,1,US2024
Economic Growth,1,US2024
Innovative,1,US2024
Energy Waste,1,US2024
Clean Electricity,3,US2024
Vehicles,1,US2024
Workers,1,US2024
Transition,1,US2024
Clean Energy Future,1,US2024
Clean Hydrogen,1,US2024
Clean Energy Transition,1,US2024
Clean Energy Deployment,1,US2024
Critical Clean Energy Components,1,US2024
Electrical Grid,1,US2024
Load Growth,1,US2024
Zero-Emissions,1,US2024
Electricity Production,1,US2024
Private-Sector Investment,1,US2024
Wind,1,US2024
Solar,1,US2024
Battery Storage,1,US2024
New Gas-Fired Power Plants,1,US2024
Pollution Control,1,US2024
Public Health,1,US2024
Policies,2,US2024
100 Percent Clean Electricity,1,US2024
Nuclear Fleet,1,US2024
Carbon Capture Technologies,1,US2024
Worker Safety,1,US2024
Environmental Safety,1,US2024
Public-Private Partnerships,1,US2024
continued,2,US2024
barriers,1,US2024
resilient,3,US2024
robust,1,US2024
supply,1,US2024
grid,4,US2024
components,1,US2024
siting,1,US2024
permitting,1,US2024
all,1,US2024
research,5,US2024
demonstration,1,US2024
commercialization,1,US2024
technologies,8,US2024
storage,3,US2024
distribution,1,US2024
infrastructure,3,US2024
smart,1,US2024
demand,2,US2024
flexible,1,US2024
reliable,2,US2024
affordable,3,US2024
electricity,7,US2024
power,5,US2024
Smart,2,US2024
Practices,2,US2024
government,7,US2024
farmer,1,US2024
rancher,1,US2024
forest,6,US2024
landowner,1,US2024
reforestation,1,US2024
grazing,1,US2024
nutrient,1,US2024
agroforestry,1,US2024
wetland,1,US2024
restoration,2,US2024
wildfire,1,US2024
risk,1,US2024
partnership,2,US2024
incentives,8,US2024
methane,8,US2024
carbon,11,US2024
dioxide,1,US2024
sequestration,5,US2024
lands,4,US2024
expanded,1,US2024
practices,2,US2024
management,2,US2024
conservation,2,US2024
bioproducts,1,US2024
beneficial,1,US2024
biofuels,1,US2024
durable,1,US2024
wood,3,US2024
high,1,US2024
integrity,1,US2024
markets,2,US2024
voluntary,1,US2024
market,2,US2024
joint,1,US2024
policy,3,US2024
principles,1,US2024
announced,1,US2024
May,1,US2024
2024,3,US2024
Tribes,2,US2024
adoption,1,US2024
agriculture,4,US2024
stewardship,1,US2024
non,3,US2024
land,2,US2024
building,9,US2024
zero,4,US2024
lower,1,US2024
costs,2,US2024
zero emissions,5,US2024
renewable,2,US2024
renewables,0,US2024
construction,3,US2024
buildings,5,US2024
new,6,US2024
retrofit,2,US2024
retrofits,2,US2024
commercial,1,US2024
residential,2,US2024
rebates,1,US2024
financing,1,US2024
Green,1,US2024
Resilient,1,US2024
Retrofit,1,US2024
Department,5,US2024
Housing,2,US2024
Urban,1,US2024
Development,2,US2024
appliance,1,US2024
efficiency,6,US2024
standards,8,US2024
leadership,1,US2024
portfolio,1,US2024
agency,2,US2024
Housing and Urban Development,1,US2024
Veterans Affairs,1,US2024
US Department of Agriculture,1,US2024
loans,2,US2024
privately,1,US2024
single,1,US2024
multifamily,1,US2024
energy bills,1,US2024
building trades,1,US2024
heat pumps,2,US2024
materials,4,US2024
zoning,1,US2024
reform,2,US2024
utility,2,US2024
regulation,1,US2024
electrification,5,US2024
onsite,1,US2024
virtual power plants,2,US2024
industry,5,US2024
emerging,1,US2024
cost savings,1,US2024
property insurance,1,US2024
transportation,8,US2024
manufacturing jobs,1,US2024
clean fuels,2,US2024
public investments,1,US2024
fuel economy,1,US2024
EV,3,US2024
public charging network,1,US2024
domestic workforce,1,US2024
supply chains,1,US2024
clean transportation fuels,1,US2024
rail,3,US2024
maritime,1,US2024
aviation,3,US2024
innovations,1,US2024
climate smart agriculture,1,US2024
electric,3,US2024
utilities,1,US2024
charging,1,US2024
refueling,1,US2024
hydrogen,2,US2024
non-road,1,US2024
low-carbon,1,US2024
sustainable,2,US2024
marine,2,US2024
freight,2,US2024
zero-emission,4,US2024
hubs,1,US2024
corridors,1,US2024
port,2,US2024
convenience,1,US2024
transit-oriented,1,US2024
active,1,US2024
transportation options,1,US2024
electric micro-mobility,1,US2024
promote,1,US2024
industrial,11,US2024
direct,1,US2024
indirect,1,US2024
facilities,2,US2024
fuels,3,US2024
feedstocks,1,US2024
capture,2,US2024
utilization,1,US2024
circular,1,US2024
Federal,3,US2024
Buy,2,US2024
Clean,4,US2024
Initiative,1,US2024
General,1,US2024
Services,1,US2024
Environmental,3,US2024
Protection,2,US2024
investing,3,US2024
billions,1,US2024
steel,2,US2024
glass,2,US2024
concrete,1,US2024
asphalt,1,US2024
highways,1,US2024
Environmental Product Declarations,1,US2024
actions,6,US2024
embodied,1,US2024
states,5,US2024
trade,2,US2024
framework,1,US2024
accurate,1,US2024
data,1,US2024
intensity,2,US2024
incentivizes,1,US2024
competitiveness,1,US2024
goods,2,US2024
borders,1,US2024
non-CO2,2,US2024
greenhouse,7,US2024
gas,8,US2024
Reducing,1,US2024
CO,1,US2024
2,2,US2024
gases,2,US2024
improved,1,US2024
strengthened,1,US2024
food,1,US2024
CH,2,US2024
hydrofluorocarbons,2,US2024
N2O,3,US2024
abandoned,1,US2024
mines,1,US2024
non-CO,1,US2024
oil,2,US2024
agricultural,2,US2024
nitrous,1,US2024
oxide,3,US2024
understand,1,US2024
curb,1,US2024
emissions-cutting,1,US2024
programs,5,US2024
productivity,1,US2024
farming,1,US2024
waste,2,US2024
regulations,2,US2024
Agency’s,1,US2024
final,1,US2024
rule,1,US2024
strengthen,1,US2024
tools,1,US2024
Methane,3,US2024
Reduction,2,US2024
Program,1,US2024
charge,1,US2024
American,1,US2024
Manufacturing,1,US2024
Act,1,US2024
authority,1,US2024
phase,2,US2024
production,2,US2024
consumption,1,US2024
HFCs,1,US2024
phasedown,2,US2024
2036,1,US2024
Kigali,1,US2024
Amendment,1,US2024
implement,1,US2024
efforts,2,US2024
address,1,US2024
DETERMINED,1,US2024
America,1,US2024
-61,1,US2024
-66,1,US2024
-,2,US2024
reference point,1,US2024
base year,4,US2024
starting point,1,US2024
reference indicators,1,US2024
values,1,US2024
CO2e,2,US2024
net emissions,2,US2024
Inventory,6,US2024
annual basis,1,US2024
submission,1,US2024
reported,1,US2024
April 11 2024,1,US2024
adjusted,1,US2024
future,2,US2024
strategies,1,US2024
plans,3,US2024
paragraph 6,1,US2024
percentage,1,US2024
reduction,2,US2024
removals,7,US2024
inventory,4,US2024
IPCC,14,US2024
2031,1,US2024
forests,2,US2024
soil carbon,1,US2024
ocean,2,US2024
greenhouse gases,6,US2024
emission reductions,3,US2024
climate crisis,2,US2024
gender -diverse persons,1,US2024
decision -making roles,1,US2024
ocean -based industries,1,US2024
disaster recovery,1,US2024
emission reduction,6,US2024
National Climate Advisor,2,US2024
White House Climate Policy Office,2,US2024
interagency process,1,US2024
agencies,1,US2024
climate equities,1,US2024
youth representatives,1,US2024
unions,1,US2024
scientists,1,US2024
businesses,1,US2024
schools,1,US2024
institutions of higher education,1,US2024
researchers,1,US2024
emission reduction pathways,1,US2024
subnational governmental lead ers,1,US2024
governors,1,US2024
mayors,1,US2024
tribal leaders,1,US2024
goals,2,US2024
modeling,1,US2024
approved,1,US2024
President,1,US2024
Joseph R. Biden,1,US2024
Jr.,1,US2024
Climate change,2,US2024
net zero,2,US2024
1.5 °C,5,US2024
accelerating,1,US2024
breakthroughs,1,US2024
market shifts,1,US2024
consumer preferences,1,US2024
urgency,1,US2024
impacts,1,US2024
existing,1,US2024
federal legislation,1,US2024
contributing,1,US2024
achievement,1,US2024
emissions reductions,4,US2024
power grid,1,US2024
extreme weather,1,US2024
electric vehicle,3,US2024
public transit,1,US2024
passenger rail,1,US2024
school and transit buses,1,US2024
low-income homes,1,US2024
legacy pollution,1,US2024
demonstration projects,1,US2024
research hubs,1,US2024
ecosystem restoration,1,US2024
healthy national forests,1,US2024
grasslands,1,US2024
IRA investment,1,US2024
combination,1,US2024
tax credits,1,US2024
direct federal spending,1,US2024
competitive grants,1,US2024
loan programs,1,US2024
provisions,1,US2024
public and private investment,1,US2024
zero-emissions energy,1,US2024
grants,2,US2024
energy grid,1,US2024
lower-emission ports,1,US2024
electric vehicle manufacturing,1,US2024
building energy efficiency,1,US2024
consumer incentives,1,US2024
electric vehicles,1,US2024
efficient electric appliances,1,US2024
solar,3,US2024
home,1,US2024
improvements,1,US2024
tax,2,US2024
advanced,1,US2024
national,1,US2024
urban,1,US2024
tree,1,US2024
planting,1,US2024
marketplace,1,US2024
assistance,1,US2024
jurisdictions,2,US2024
concert,1,US2024
areas,1,US2024
upgrades,1,US2024
equipment,2,US2024
credits,1,US2024
passenger,2,US2024
cars,1,US2024
light,1,US2024
trucks,1,US2024
pickups,1,US2024
vans,1,US2024
Model,1,US2024
Years,1,US2024
2027,1,US2024
2032,1,US2024
EPA,3,US2024
emission,3,US2024
limits,1,US2024
stakeholders,2,US2024
billion,1,US2024
battery,1,US2024
tripled,1,US2024
California,1,US2024
rules,1,US2024
vehicles,3,US2024
sales,1,US2024
Michigan,1,US2024
Minnesota,1,US2024
free,1,US2024
inequalities,1,US2024
social,1,US2024
marginalized,1,US2024
underserved,1,US2024
overburdened,1,US2024
prevailing,1,US2024
apprenticeship,1,US2024
Greenhouse,1,US2024
Gas,1,US2024
Fund,1,US2024
Grants,1,US2024
Justice,2,US2024
GHG,1,US2024
Jurisdictions,1,US2024
low,2,US2024
disadvantaged,3,US2024
programming,1,US2024
U.S,7,US2024
Strategy,2,US2024
Gender,1,US2024
Equity,2,US2024
Equality,1,US2024
Effects,1,US2024
world,1,US2024
pathway,1,US2024
1.5,1,US2024
Contextual,1,US2024
matters,1,US2024
inter,1,US2024
alia,1,US2024
circumstances,1,US2024
geography,1,US2024
poverty,1,US2024
Indian,1,US2024
electric power,1,US2024
2010,1,US2024
wind,2,US2024
carbon -free,1,US2024
2020,1,US2024
2016,1,US2024
2022,1,US2024
28,1,US2024
travel,1,US2024
total,3,US2024
gross,2,US2024
excluding,2,US2024
generated,1,US2024
offsite,1,US2024
23,1,US2024
structural,1,US2024
factors,1,US2024
shifts,1,US2024
products,3,US2024
intensive,1,US2024
decline,1,US2024
1990,1,US2024
source,1,US2024
soil,2,US2024
fertilizer,1,US2024
enteric,1,US2024
fermentation,1,US2024
manure,1,US2024
commodities,1,US2024
area,1,US2024
harvest,1,US2024
20th century,1,US2024
population,1,US2024
feeds,1,US2024
exports,1,US2024
N 2O,1,US2024
sequester,1,US2024
atmospheric,1,US2024
CO 2,2,US2024
concentrations,1,US2024
forest area,1,US2024
forest land,1,US2024
net sequestration,1,US2024
carbon uptake,1,US2024
standing United States forests,1,US2024
forest management,1,US2024
urban areas,1,US2024
harvested wood products,1,US2024
agricultural soils,1,US2024
2035 NDC,1,US2024
ambitious,2,US2024
achievable,1,US2024
current policies,1,US2024
technological capacities,1,US2024
multiple pathways,1,US2024
cities,1,US2024
private companies,1,US2024
1.5 °Celsius,1,US2024
net zero global emissions,1,US2024
global stocktake,1,US2024
sector-by-sector,1,US2024
emission reduction potential,1,US2024
whole-of-government process,1,US2024
economy-wide,1,US2024
greenhouse gas emissions,1,US2024
"detailed, bottom-up system dynamics",1,US2024
emitting,1,US2024
model,1,US2024
capital,1,US2024
stock,1,US2024
turnover,1,US2024
timelines,1,US2024
taxes,1,US2024
benefits,2,US2024
analysis,1,US2024
federal system,1,US2024
authorities,2,US2024
implementing,1,US2024
transport,2,US2024
pathways,1,US2024
renewed,1,US2024
global warming,8,US2024
nationally determined contribution,4,US2024
1.5°C,6,US2024
1.5°C pathways,2,US2024
2070,1,US2024
greenhouse gas emission,1,US2024
low greenhouse gas emission development strategy,1,US2024
IPCC 6th Assessment Report,3,US2024
overshoot,1,US2024
critical global mitigation efforts,1,US2024
mitigation opportunities,1,US2024
deploying,2,US2024
expand,1,US2024
capacity,2,US2024
accelerat,1,US2024
zero-,2,US2024
low -emission,2,US2024
generation,1,US2024
utilty -scale,1,US2024
period,1,US2024
rate,1,US2024
processes,1,US2024
coal,2,US2024
livelihoods,1,US2024
zero -emission,2,US2024
rapid,2,US2024
shipping,1,US2024
significant,1,US2024
non -carbon dioxide,1,US2024
super pollutants,1,US2024
deforestation,1,US2024
forest degradation,1,US2024
global,2,US2024
goal,2,US2024
halt,1,US2024
reverse,1,US2024
terrestrial,1,US2024
ecosystems,2,US2024
conserve,1,US2024
connect,1,US2024
restore,2,US2024
waters,1,US2024
old -growth,1,US2024
National Forest System,1,US2024
opportunity,1,US2024
job,1,US2024
creation,1,US2024
wellbeing,1,US2024
Americans,1,US2024
Justice40,1,US2024
40,1,US2024
support,1,US2024
countries,1,US2024
first,1,US2024
stocktake,1,US2024
Biennial,1,US2024
Transparency,2,US2024
Report,1,US2024
Party,1,US2024
nationally,1,US2024
determined,1,US2024
contribution,1,US2024
Article,1,US2024
4,1,US2024
Paris,1,US2024
Agreement,1,US2024
adaptation,2,US2024
action,1,US2024
diversification,1,US2024
cobenefits,2,US2024
paragraph,1,US2024
7,1,US2024
information,1,US2024
response,1,US2024
developing,1,US2024
consequences,1,US2024
resources,1,US2024
water resources,1,US2024
coastal resources,1,US2024
human settlements,1,US2024
urban planning,1,US2024
forestry,1,US2024
economic diversification,1,US2024
mining,1,US2024
tourism,1,US2024
real estate,1,US2024
fisheries,1,US2024
anthropogenic,4,US2024
target year,2,US2024
articles,1,US2024
accounting,3,US2024
methodological,1,US2024
estimating,1,US2024
net-net,1,US2024
Anthropogenic,1,US2024
Removals,2,US2024
Annex,2,US2024
Accounting,2,US2024
Guidance,3,US2024
Accuracy,1,US2024
Completeness,1,US2024
Consistency,1,US2024
Environmental Integrity,1,US2024
Decision,3,US2024
Convention,1,US2024
guidelines,3,US2024
2006,4,US2024
2013,1,US2024
2019,1,US2024
Wetlands,1,US2024
100,1,US2024
time -horizon,1,US2024
global warming potential,1,US2024
Fifth Assessment Report,1,US2024
Intergovernmental Panel on C limate Change,1,US2024
decisions,3,US2024
CMA,3,US2024
category,1,US2024
activity,1,US2024
approach,3,US2024
IPCC guidance,1,US2024
natural disturbances,3,US2024
managed lands,1,US2024
best practices,1,US2024
UNFCCC,1,US2024
Kyoto Protocol,1,US2024
land -use change,1,US2024
salvage logging,1,US2024
production approach,1,US2024
Harvested Wood Products,1,US2024
paragraph 56,1,US2024
age-class,1,US2024
Article 6,1,US2024
Voluntary Cooperation,1,US2024
Nationally Determined Contribution (NDC),5,US2024
Global Warming,4,US2024
Net-zero greenhouse gas emissions,1,US2024
Biennial transparency reports,1,US2024
Methane reductions,1,US2024
2035 NDC emissions target,1,US2024
"Article 4, paragraph 3",1,US2024
1.5 °C above pre-industrial levels,1,US2024
Paris Agreement temperature goal,1,US2024
holding the increase in the global average temperature,1,US2024
well below 2°C above pre-industrial levels,1,US2024
pursuing efforts,1,US2024
dangerous anthropogenic interference with the climate system,1,US2024
stabilizing greenhouse gas concentrations,1,US2024
atmosphere,1,US2024
adapt naturally to climate change,1,US2024
food production,1,US2024
sustainable manner,1,US2024
net -zero greenhouse gas emissions,2,US2024
"net -zero emissions, economy-wide",2,US2024
Article 2.1(a),1,US2024
Article 4.1,1,US2024
global peaking of greenhouse gas emissions,1,US2024
peaking of greenhouse gas emissions as soon as possible,1,US2024
aim,1,US2024
sources,1,US2024
sinks,1,US2024
balance,1,US2024
second,1,US2024
half,1,US2024
century,1,US2024
reduce,1,US2024
thereafter,1,US2024
accordance,1,US2024
best,1,US2024
available,1,US2024
science,1,US2024
